rango_edad,total
18-25,1376085.5416666667
26-38,2752171.0833333335
39-50,7568470.479166666
51-67,11696727.104166668
68-100,9632598.791666666
