rango_edad,total
18-25,2064128.3125
26-38,8256513.249999999
39-50,13760855.41666667
51-67,21329325.895833332
68-100,20641283.125
